Number,Title,Date,Description,Link
1,Avis de recrutement : Assistant(e) RH en charge de la paie,"f√©vrier 22, 20240",OK PLAST OP ¬† recrute pour des besoins de nos services ¬† Assistant(e) RH en charge de la paie. Ville : Douala Date limite :  10 Mars 2024 Missions principales¬† Pr√©parer les √©l√©ments de paie et √©tablir les bulletins de paie Assurer la bonne gestion des ret‚Ä¶,https://www.cameroondesks.com/2024/02/avis-de-recrutement-assistante-rh-en-charge-de-la-paie.html
2,Offre d'emploi : Comptable - BEKO CAPITAL ADVISORY S.A,"f√©vrier 22, 20240","BEKO CAPITAL ADVISORY S.A. Soci√©t√© de Bourse localis√©e dans la ville de   Douala, recrute un Comptable ayant une exp√©rience dans le secteur de la bourse   et/ou bancaire.   Responsabilit√©s et attributions                 Plac√©e sous la supervision hi√©rar‚Ä¶",https://www.cameroondesks.com/2024/02/offre-demploi-comptable-beko-capital.html
3, Appel √† candidature : Chauffeurs - Yango,"f√©vrier 22, 20240","Recherche des chauffeurs et voiture souhaitant s'enregistrer sur la plate   forme Yango.      Venture SARL  partenaire Yango, Met √† votre disposition les conditions   n√©cessaires pour pouvoir travailler √† votre propre compte .      Vous avez un v√©hic‚Ä¶",https://www.cameroondesks.com/2024/02/appel-candidature-chauffeurs-yango.html
4,Job offer: Nutrition Field Monitor,"f√©vrier 22, 20240","Job Title:  Nutrition Field Monitor   Reports to:  Project Manager   Duty station :¬† Bamenda       Type of contract :  Fixed Term   Disponibility:¬† Immediate   Main objective and tasks      Under the supervision of the Project Manager, the Nutrition Fiel‚Ä¶",https://www.cameroondesks.com/2024/02/job-offer-nutrition-field-monitor.html
5,Job offer: Project Coordinator - Goethe-Institut Cameroon,"f√©vrier 22, 20240","The Goethe-Institut Cameroon  is looking for a project coordinator   (m/f/d) on a fee basis to supervise the pre-integration project in Cameroon   from March 1st, 2024 for a limited period until June 30th, 2025, if necessary   with the option of an exten‚Ä¶",https://www.cameroondesks.com/2024/02/job-offer-project-coordinator-goethe-institut-cameroon.html
6,Avis de recrutement : vingt 20 employ√©s journaliers,"f√©vrier 22, 20240","UD MANPOWER AND SERVICES CAMEROON LTD  recrute pour les besoins d'un de   ses clients, vingt (20) employ√©s journaliers dans la ville de Kribi   (Niet√©).¬†   Missions                 Ils seront charg√©s d'effectuer des travaux op√©rations de dressing‚Ä¶",https://www.cameroondesks.com/2024/02/avis-de-recrutement-vingt-20-employes.html
7,Job offer: IT Lecturers,"f√©vrier 22, 20240",The  ICT University  is gearing up to welcome new and returning students!            The ICT University is currently accepting applications for full-time positions   in the Department of ICT and Computer Sciences. Applicants must hold a Ph.D.   or its eq‚Ä¶,https://www.cameroondesks.com/2024/02/job-offer-it-lecturers.html
8,Offre d'emploi : Magasinier - CMCC-MAXIMA,"f√©vrier 22, 20240","CONTEXTE      Sp√©cialis√©e dans la fabrication et la commercialisation des produits   agroalimentaires, d‚Äôentretien des liqueurs, l‚Äôentreprise CMCC- ( Complexe multi chimique du Cameroun)¬† MAXIMA  dans son plan de d√©ploiement recherche urgemment un Magasini‚Ä¶",https://www.cameroondesks.com/2024/02/offre-demploi-magasinier-cmcc-maxima.html
9,Offre d'emploi : Plusieurs conseillers en assurances (H/F),"f√©vrier 22, 20240","SUNU Assurances Vie Cameroun recrute des conseillers en assurances   (H/F).                 Guider et accompagner les personnes, associations et autres dans le choix       des produits d'assurances individuels et collectifs conformes √† leurs       pr‚Ä¶",https://www.cameroondesks.com/2024/02/offre-demploi-conseillers-en-assurances-h-6.html
10,Recrutement et offre d'emploi √† NSIA Vie ASSURANCES Cameroun,"f√©vrier 22, 20240",NSIA Vie ASSURANCES Cameroun  recrute pour les postes ci-dessous     :¬†¬†                  Sales Executive (H/F)                  01 Chef D'√©quipe Bancassurance (H/F)                  Inspecteur Commerciale (H/F)                  Conseiller En Assuran‚Ä¶,https://www.cameroondesks.com/2024/02/recrutement-et-offre-demploi-nsia-vie-assurance-cameroun.html
11,Devenez un expert d√©veloppeur backend/frontend et fullstack,"f√©vrier 22, 20240",Devenez un expert d√©veloppeur backend/frontend et fullstack  Vous cherchez un m√©tier qui recrute? Vous avez d√©j√† l'app√©tence pour le code ou la programmation ? Vous voulez √©voluer sur les derni√®res technologies web les plus recherch√©es? Alors devenez D√©ve‚Ä¶,https://www.cameroondesks.com/2024/02/devenez-un-expert-developpeur-backend-frontend-.html
12,Recrutement massif √† l'universit√© de Dschang ,"f√©vrier 22, 20240","Le Recteur de l'Universit√© de Dschang  recrute, pour les besoins de ses services, des personnels suivants :     Agents de s√©curit√©;    Expert en s√©curit√© informatique;    Administrateur syst√®me et r√©seau informatique:    D√©veloppeurs informatiques;    A‚Ä¶",https://www.cameroondesks.com/2024/02/recrutement-massif-a-luniversite-de-dschang.html
13,Avis de recrutement √† Afriland First Bank : Plusieurs Agents des Operations Bancaires / Bank Clerk,"f√©vrier 22, 20240",LIEU : ¬† Sur l'ensemble du R√©seau Afriland First Bank      SUP√âRIEUR HIERARCHIQUE : Directeur d'Agence/Directeur des Op√©rations   Bancales   TYPE DE CONTRAT :  CDI   NOMBRE DE POSTE : 30   NIVEAU ACADEMIQUE¬†                 Bac + 2/3¬† en comptabi‚Ä¶,https://www.cameroondesks.com/2024/02/avis-de-recrutement-a-Afriland-First-Bank-30-agents-des-operations-bancairesbank-clerk.html
14,Concours NASLA 2024 - Cycle C,"f√©vrier 21, 20240",Portant ouverture d'un concours pour le recrutement de quatre-vingt (80)   √©l√®ves au cycle C de la National School of Local Administration.     Un concours pour le recrutement de¬†quatre-vingt (80) √©l√®ves au cycle C de   la NASLA √† Buea est ouvert pou‚Ä¶,https://www.cameroondesks.com/2024/02/concours-nasla-2024-cycle-c.html
15,Concours NASLA cycle A 2024,"f√©vrier 21, 20240",Arr√™ter portant ouverture d'un concours pour le recrutement de deux cents   (200) √©l√®ves au cycle A de la National School of Local Administration           Un concours pour le recrutement de deux cents (200) √©l√®ves au cycle A de la   NASLA √† Buea est‚Ä¶,https://www.cameroondesks.com/2024/02/concours-nasla-cycle-a-2024.html
16,Arr√™t√© concours NASLA 2024/2025,"f√©vrier 21, 20240","Competitive Entrance Examination into the¬† National School of Local Administration ¬†(NASLA) 2024      Concours d'entr√©e √†¬† l'√âcole nationale d'administration locale (NASLA) 2024            Pour en savoir davantage sur la ¬†NASLA, ¬†les Cycles d‚Ä¶",https://www.cameroondesks.com/2024/02/arrete-concours-nasla-2024-2025.html
17,Concours NASLA cycle B 2024,"f√©vrier 21, 20240",Portant ouverture d'un concours pour le recrutement de deux cent-vingt (220) √©l√®ves au cycle B de la National School of Local School of Local Administration. Un concours pour le recrutement de deux cent-vingt (220) √©l√®ves au cycle B de la NASLA √† B‚Ä¶,https://www.cameroondesks.com/2024/02/concours-nasla-cycle-b-2024.html
18,Appel d'offre : 05 postes chez Africa Group Co,"f√©vrier 21, 20240","La soci√©t√©¬† ¬†G eneral buisness of Africa¬†¬†01 ASSISTANT(E) DES     RESSOURCES¬† HUMAINES      General Business of Africa (GBA) SA, entreprise qui op√®re dans le secteur   commercial, notamment dans la repr√©sentation et la distribution des grandes   marques ‚Ä¶",https://www.cameroondesks.com/2023/11/appel-doffre-05-postes-chez-africa-group-co.html
19,Avis de recrutement de : 04 Agents de s√©curit√©-Africa Group Co,"f√©vrier 21, 20240","Avis de recrutement de : 04 Agents de s√©curit√© Faisant partie du holding Africa Group Co , l'entreprise  General Business of Africa  (GBA) SA, qui op√®re dans le secteur commercial, notamment dans la repr√©sentation et la distribution des grandes marq‚Ä¶",https://www.cameroondesks.com/2024/02/avis-de-recrutement-04-agent-de-securite-africa-group-co.html
20, Avis de recrutement  : un(e) vendeur/vendeuse a tricycle,"f√©vrier 21, 20240","Avis de recrutement de :¬† un(e) vendeur/vendeuse a tricycle Faisant partie du holding¬† Africa Group Co , l'entreprise ¬†General Business of Africa ¬†(GBA) SA, qui op√®re dans le secteur commercial, notamment dans la repr√©sentation et la distribution ‚Ä¶",https://www.cameroondesks.com/2024/02/avis-de-recrutement-01-vendeur-vendeuse-a-tricycle.html
21,Offre d'emploi : 2 postes ouverts chez MEN BUILDER,"f√©vrier 21, 20240",Le cabinet MEN BUILDER  sp√©cialis√© dans le Placement du personnel recherche un Bartender pour un de ses clients. NB:  Poste bas√© √† Douala Profil du candidat Minimum 21 ans Minimum 1 an d‚Äôexp√©rience comme plongeur dans un restaurant Faites parvenir votre‚Ä¶,https://www.cameroondesks.com/2024/02/offre-demploi-2-postes-ouverts-chez-men-builder.html
22,Recrutement √† TotalEnergies Marketing Cameroun,"f√©vrier 21, 20240",TotalEnergies Marketing Cameroun recrute pour les besoins de ses   activit√©s 01 Responsable juridique.      Lieu de travail: DOUALA-BD DE LA LIBERTE(CMR) Domaine:   Droit des Entreprises Exp√©rience: Moins de 3 ans            Profil du candidat       ‚Ä¶,https://www.cameroondesks.com/2023/08/recrutement-a-totalenergies-marketing-cameroun.html
23,Recrutement √† CHOCOCAM TIGER BRANDS,"f√©vrier 21, 20240","CHOCOCAM TIGER BRANDS  recherche pour les besoins de ses activit√©s   01¬† ACCOUNT PAYABLE SUPERVISOR.¬†  Mission Principale Sous la supervision du Chef Comptable, le AP Supervisor a pour principales mission de :     Superviser la comptabilit√© fourni‚Ä¶",https://www.cameroondesks.com/2024/02/recrutement-a-chococam-tiger-brands.html
24,Recrutement √† la Banque Africaine de D√©veloppement,"f√©vrier 21, 20240","Full vacancy title: Charg√©(e) sup√©rieur(e) du d√©veloppement industriel      Position Grade: PL5   Position Number: 50001050   Posting Date: 01-f√©v-2024   Closing Date: 29-f√©v-2024   LA BANQUE :      Cr√©√©e en 1964, la Banque africaine de d√©veloppement ‚Ä¶",https://www.cameroondesks.com/2024/02/recrutement-a-la-banque-banque-africaine-de-developpement.html
25,Recrutement et offre emploi chez CCA Bank,"f√©vrier 21, 20240","Il est ouvert au sein de la Direction des Grandes Entreprises et de la Direction G√©n√©rale de CCA Bank, le poste de :          Charg√© de la Client√®le Corporate            Charg√© de la Client√®le du Secteur Public & Institutionnels              Lire aussi¬†‚Ä¶",https://www.cameroondesks.com/2024/02/recrutement-et-offre-emploi-chez-cca-bank.html
26,Recrutement et offre d'emploi  :  PANZANI CAMEROUN SA,"f√©vrier 21, 20240","Appel √† Candidatures     ¬† CADYST Group est  une holding, un acteur de   l‚ÄôAgro-alimentaire. La mission du Groupe est d‚Äôapporter aux populations   africaines des produits de qualit√©, respectant les standards internationaux,   fabriqu√©s localement et access‚Ä¶",https://www.cameroondesks.com/2024/01/recrutement-et-offre-d-emploi-panzani-cameroun-sa.html
27,Avis de recrutement et offres d'emplois  chez Orange Cameroun,"f√©vrier 21, 20240",Orange Cameroun recrute pour des besoins de ses services :            Account Management Coordinator¬†            Chef de Service Etudes Economiques & Investissements¬†            Specialist National Wholesale Operations¬†            Manager International‚Ä¶,https://www.cameroondesks.com/2024/02/avis-de-recrutement-et-offres-d-emplois-07-postes-vacants-chez-orange-cameroun.html
28,Recrutement et Offres d'emploi √† l'Union Camerounaise de Brasseries,"f√©vrier 21, 20240","Cr√©√©e en 1972, l'Union Camerounaise de Brasseries (UCB)  est l‚Äôune des   soci√©t√©s brassicoles pionni√®res au Cameroun ainsi que la plus grande   entreprise brassicole appartenant au Cameroun.     Positionn√©e sur le march√© des boissons et bi√®res de sp√©‚Ä¶",https://www.cameroondesks.com/2024/01/offres-d-emploi-a-l-union-camerounaise-de-brasseries.html
29,Job dating SOSUCAM - Promote 2024,"f√©vrier 21, 20240",Job dating SOSUCAM - Promote 2024                       SOSUCAM organise ce jeudi 22 f√©vrier 2024 une journ√©e job dating dans   son stand princesse tatie √† Promote.        Vous avez le profil suivant :‚Ä¶,https://www.cameroondesks.com/2024/02/job-dating-sosucam-promote-2024.html
30,Appel √† candidature : staffs de la CAMNAFAW,"f√©vrier 21, 20240","La CAMNAFAW  est une Organisation citoyenne et Non-Gouvernementale, fond√©e en 1987 qui fait des Services de SSR son c≈ìur d'activit√©s. Dans le cadre de la mise en ≈ìuvre du projet ExpandPF, la CAMNAFAW lance un appel √† candidature pour les postes ci-ap‚Ä¶",https://www.cameroondesks.com/2024/02/appel-candidature-staffs-de-la-camnafaw.html
31,Appel √† candidature : des enseignants chez Africa Up Horizon,"f√©vrier 21, 20240",RECRUTEMENT DES ENSEIGNANTS.          ùóîùóôùó•ùóúùóñùóî ùó®ùó£ ùóõùó¢ùó•ùóúùó≠ùó¢ùó° est un programme de formation d√©di√© au d√©veloppement des   comp√©tences dans les domaines de la communication et des Arts Graphiques en   Afrique.      Notre mission est de partici‚Ä¶,https://www.cameroondesks.com/2024/01/appel-candidature-des-enseignants-chez.html
32,OFFRES D'EMPLOI PLAN International Cameroon : plusieurs postes vacants,"f√©vrier 21, 20240","OFFRES D'EMPLOIS - PLAN International Cameroon, ONG     Travaillant dans 54 pays en d√©veloppement √† travers l'Afrique, l'Asie et les   Am√©riques, Plan a pour objectif d'atteindre autant d'enfants que possible, en   particulier ceux qui s‚Ä¶",https://www.cameroondesks.com/2023/12/offre-d-emplois-plan-international-cameron-plusieurs-postes-vacants.html
33,Recrutement et offres d'emploi au Centre Pasteur du Cameroun (CPC),"f√©vrier 21, 20240","Le Centre Pasteur du Cameroun (CPC)  recrute pour besoin de service : (04) Technicien(ne)s de Laboratoire d'Analyses M√©dicales 01) Aide chimiste (04) Agents d'Accueil- Pr√©leveur BP: 1274 YAOUNDE, 451, Rue 2005, Yaound√© 2 -Cameroun T√©l: ¬†(237) 6918‚Ä¶",https://www.cameroondesks.com/2024/02/recrutement-et-offres-demploi-au-centre.html
34,Appel √† candidature : (04) Agents d'Accueil - Pr√©leveur,"f√©vrier 21, 20240","Le Centre Pasteur du Cameroun (CPC) , recrute pour besoin de service   quatre (04) Agents d'Accueil- Pr√©leveur, pour le service Accueil, Direction   m√©dicale.      Statut:  Cat√©gorie 7/A, temps plein, CDD de deux (02) ans, inclus   p√©riode d'essa‚Ä¶",https://www.cameroondesks.com/2024/02/appel-candidature-04-agents-daccueil-preleveur.html
35,Recrutement au Centre Pasteur du Cameroun (CPC),"f√©vrier 21, 20240","Le Centre Pasteur du Cameroun (CPC) , recrute pour besoin de service un   (01) Aide chimiste, au Service d'Hygi√®ne et Environnement, Section   Physicochimie, Direction Scientifique.      Statut:  Cat√©gorie 6/A, temps plein, CDD de deux (02) ans, incl‚Ä¶",https://www.cameroondesks.com/2024/02/appel-candidature-01-aide-chimiste.html
36,Recrutement √† l'ONG Internationale GIZ: Plusieurs postes vacants,"f√©vrier 21, 20241","Dans le cadre de la mise en place de ses projets au Cameroun, la   DEUTSCHE GESELLSCHAFT F√úR INTERNATIONALE ZUSAMMENARBEIT (GIZ) GmbH   recherche actuellement les profils suivants au Cameroun:          IT ASSISTANT¬†            Conseiller-e technique pour l‚Ä¶",https://www.cameroondesks.com/2023/11/recrutement-a-long-internationale-giz-plusieurs-postes-vacants%20%20.html
37,"Langues Maternelles : Le Chant de nos Origines, l'√âcho de notre Diversit√©","f√©vrier 21, 20240","Dans la diversit√© des langues maternelles r√©sonne l'essence m√™me de notre humanit√©, tissant un lien intime entre nos histoires, nos cultures et nos c≈ìurs. En cette Journ√©e Internationale de la Langue Maternelle, c√©l√©brons la diversit√© linguistique q‚Ä¶",https://www.cameroondesks.com/2024/02/langue-maternelles-le-chant-de-nos-origines-l-echo-de-notre-diversite.html
38,Appel √† candidature : (04) Technicien(ne)s de Laboratoire d'Analyses M√©dicales,"f√©vrier 21, 20240","Le Centre Pasteur du Cameroun (CPC)  recrute pour besoin de service   quatre (04) Technicien(ne)s de laboratoire d'Analyses M√©dicales, pour la   Direction M√©dicale.      Statut Cat√©gorie 9/A, temps plein, CDD de deux (02) ans, inclus p√©riode   d'‚Ä¶",https://www.cameroondesks.com/2024/02/appel-candidature-04-techniciennes-de-laboratoire-danalyses-medicales.html
39,2024 : Se Former pour R√©ussir - Les Cl√©s de l'Emploi dans un Monde en Mutation,"f√©vrier 21, 20240","Dans un monde professionnel en perp√©tuelle mutation, se former devient une cl√© essentielle pour ouvrir les portes de l'emploi en 2024. D√©couvrez comment investir dans votre d√©veloppement personnel peut vous propulser vers de nouvelles opportunit√©s pro‚Ä¶",https://www.cameroondesks.com/2024/02/2024-se-former-pour-reuissir-les-cles-de-l-emploi-dans-un%20monde-en-mutation.html
40,Recrutement √† Cameroon Oil Transportation Company (COTCO),"f√©vrier 21, 20240","Cameroon Oil Transportation Company (COTCO)  is looking for 01 Project   Manager (M/F).      Position based in Douala, with regular trips to company sites   JOB DESCRIPTION      The Project Manager receives guidance and direction from the Project Directo‚Ä¶",https://www.cameroondesks.com/2024/02/offre-demploijob-offer-01-chef-de.html
41,Avis de recrutement et Offres d'emploi: 04 vendeurs H / F,"f√©vrier 21, 20240","Une entreprise sp√©cialis√©e dans le pr√™t √† porter haut de gamme, recherche pour ses points de vente¬† 04 vendeurs hommes et femmes motiv√©s et ouverts d‚Äôesprit.¬†    DESCRIPTION DU POSTE Sous la supervision du   Superviseur commerciale, vous serez charg√© de : ‚Ä¶",https://www.cameroondesks.com/2024/02/avis-de-recrutement-offres-demploi-04-vendeurs-h-f.html
42,Recrutement et offre d'emploi √† CBC Health Services,"f√©vrier 21, 20240","Dans le cadre du projet << Renforcer la r√©silience des r√©fugi√©s, des   personnes d√©plac√©es et des communaut√©s d'accueil gr√¢ce √† un meilleur acc√®s √†   la sant√©, √† l'√©ducation et aux activit√©s g√©n√©ratrices de revenus ¬ª, mis en   ≈ìuvre par CBC‚Ä¶",https://www.cameroondesks.com/2024/02/recrutement-et-offre-demploi-cbc-health--services.html
43,Offre d'emploi/Job offer: Educateur sp√©cialis√© pour d√©ficience visuelle,"f√©vrier 21, 20240","Dans le cadre du projet << Renforcer la r√©silience des r√©fugi√©s, des   personnes d√©plac√©es et des communaut√©s d'accueil gr√¢ce √† un meilleur acc√®s √†   la sant√©, √† l'√©ducation et aux activit√©s g√©n√©ratrices de revenus ¬ª, mis en   ≈ìuvre par CBC‚Ä¶",https://www.cameroondesks.com/2024/02/offre-demploijob-offer-educateur.html
44,Avis de recrutement : RESPONSABLE TECHNIQUE H/F,"f√©vrier 21, 20240","OFFRE DE RECRUTEMENT        Intitul√© du poste : RESPONSABLE TECHNIQUE H/F (R√©f√©rence :       R001/2024/KST)      Description du poste   Le challenge?      Au sein du secteur avicole, l'entreprise CHICKEN GOLD INDUSTRY accompagne de   nombreux exploitan‚Ä¶",https://www.cameroondesks.com/2024/02/Avis-de-recrutement-responsable-technique-h-f.html
45,Offre d'emploi/Job offer: Educateur sp√©cialis√© pour la petite enfance,"f√©vrier 21, 20240","Dans le cadre du projet ¬´< Renforcer la r√©silience des r√©fugi√©s, des   personnes d√©plac√©es et des communaut√©s d'accueil gr√¢ce √† un meilleur acc√®s √†   la sant√©, √† l'√©ducation et aux activit√©s g√©n√©ratrices de revenus ¬ª, mis en   ≈ìuvre par CBC He‚Ä¶",https://www.cameroondesks.com/2024/02/offre-demploijob-offer-educateur-specialise-pour-la-petite-enfance.html
46,Recrutement et offres d'emploi : 05 postes chez-UNION CAPITAL FUNDS,"f√©vrier 21, 20240",UNION CAPITAL FUNDS recherche pour les besoins de ses services les profils ci-dessous : Un(e) Secr√©taire de Direction H/F ¬†04 Gestionnaire de Comptes d'Investissement Boursier H/F ¬†Comment postuler ? Cliquez sur chaque poste pour postuler Lire aussi¬†‚Ä¶,https://www.cameroondesks.com/2024/02/recrutement-et-offres-d-emploi-05-postes-chez-union-capital-funds.html
47,Offre d'emploi/Job offer: Enseignant sp√©cialis√© pour d√©ficience auditive,"f√©vrier 21, 20240","Dans le cadre du projet ¬´ Renforcer la r√©silience des r√©fugi√©s, des personnes   d√©plac√©es et des communaut√©s d'accueil gr√¢ce √† un meilleur acc√®s √† la sant√©, √†   l'√©ducation et aux activit√©s g√©n√©ratrices de revenus ¬ª, mis en ≈ìuvre par CBC   Health‚Ä¶",https://www.cameroondesks.com/2024/02/offre-demploi-job-offer-enseignant-specialise-pour-deficience-auditive.html
48,Avis de recrutement et offres d'emploi : 04 Gestionnaire de Comptes d'Investissement Boursier H/F,"f√©vrier 21, 20240","UNION CAPITAL FUNDS  recrute : 04 Gestionnaires de Comptes   d'Investissement Boursier H/F       UNION CAPITAL FUNDS  est une soci√©t√© de gestion d'actifs innovante,   sp√©cialis√©e dans l'analyse des bases de donn√©es des produits financiers e‚Ä¶",https://www.cameroondesks.com/2024/02/avis-de-recrutement-et-offres-d-emploi-04-gestionnaire-de-comptes-d-investissement-boursier-.html
49,Avis de recrutement : Un(e) Secr√©taire de Direction H/F,"f√©vrier 21, 20240",Union Capital Funds recrute  : Un(e) Secr√©taire de Direction H/F          Union Capital Funds est une soci√©t√© sp√©cialis√©e dans l'analyse des   bases de donn√©es des produits financiers et le d√©veloppement d'algorithmes   d'investissement‚Ä¶,https://www.cameroondesks.com/2024/02/avis-de-recrutement-un-e-secretaire-de-direction-h-f.html
